query	target	evalue	pident	qstart	qend	tstart	tend	qaln	taln
1W69_core	P11157	2.365E-109	100.000	1	165	120	284	LKPDERHFISHVLAFFAASDGIVNENLVERFSQEVQVTEARCFYGFQIAMENIHSEMYSLLIDTYIKDPKEREYLFNAIETMPCVKKKADWALRWIGDKEATYGERVVAFAAVEGIFFSGSFASIFWLKKRGLMPGLTFSNELISRDEGLHCDFACLMFKHLVHK	LKPDERHFISHVLAFFAASDGIVNENLVERFSQEVQVTEARCFYGFQIAMENIHSEMYSLLIDTYIKDPKEREYLFNAIETMPCVKKKADWALRWIGDKEATYGERVVAFAAVEGIFFSGSFASIFWLKKRGLMPGLTFSNELISRDEGLHCDFACLMFKHLVHK
1W69_core	Q60561	2.954E-108	99.300	1	165	120	284	LKPDERHFISHVLAFFAASDGIVNENLVERFSQEVQVTEARCFYGFQIAMENIHSEMYSLLIDTYIKDPKEREYLFNAIETMPCVKKKADWALRWIGDKEATYGERVVAFAAVEGIFFSGSFASIFWLKKRGLMPGLTFSNELISRDEGLHCDFACLMFKHLVHK	LKPDERHFISHVLAFFAASDGIVNENLVERFSQEVQVTEARCFYGFQIAMENIHSEMYSLLIDTYIKDSKEREYLFNAIETMPCVKKKADWALRWIGDKEATYGERVVAFAAVEGIFFSGSFASIFWLKKRGLMPGLTFSNELISRDEGLHCDFACLMFKHLVHK
1W69_core	Q4KLN6	2.954E-108	99.300	1	165	120	284	LKPDERHFISHVLAFFAASDGIVNENLVERFSQEVQVTEARCFYGFQIAMENIHSEMYSLLIDTYIKDPKEREYLFNAIETMPCVKKKADWALRWIGDKEATYGERVVAFAAVEGIFFSGSFASIFWLKKRGLMPGLTFSNELISRDEGLHCDFACLMFKHLVHK	LKPDERHFISHVLAFFAASDGIVNENLVERFSQEVQVTEARCFYGFQIAMENIHSEMYSLLIDTYIKDSKEREYLFNAIETMPCVKKKADWALRWIGDKEATYGERVVAFAAVEGIFFSGSFASIFWLKKRGLMPGLTFSNELISRDEGLHCDFACLMFKHLVHK
1W69_core	P31350	2.690E-107	97.500	1	165	119	283	LKPDERHFISHVLAFFAASDGIVNENLVERFSQEVQVTEARCFYGFQIAMENIHSEMYSLLIDTYIKDPKEREYLFNAIETMPCVKKKADWALRWIGDKEATYGERVVAFAAVEGIFFSGSFASIFWLKKRGLMPGLTFSNELISRDEGLHCDFACLMFKHLVHK	LKPEERYFISHVLAFFAASDGIVNENLVERFSQEVQITEARCFYGFQIAMENIHSEMYSLLIDTYIKDPKEREFLFNAIETMPCVKKKADWALRWIGDKEATYGERVVAFAAVEGIFFSGSFASIFWLKKRGLMPGLTFSNELISRDEGLHCDFACLMFKHLVHK
1W69_core	Q4R7Q7	9.507E-107	96.900	1	165	119	283	LKPDERHFISHVLAFFAASDGIVNENLVERFSQEVQVTEARCFYGFQIAMENIHSEMYSLLIDTYIKDPKEREYLFNAIETMPCVKKKADWALRWIGDKEATYGERVVAFAAVEGIFFSGSFASIFWLKKRGLMPGLTFSNELISRDEGLHCDFACLMFKHLVHK	LKPEERYFISHVLAFFAASDGIVNENLVERFSQEVQITEARCFYGFQIAMENIHSEMYSLLIDTYIKDPKEREFLFNAIETMPCVEKKADWALRWIGDKEATYGERVVAFAAVEGIFFSGSFASIFWLKKRGLMPGLTFSNELISRDEGLHCDFACLMFKHLVHK
1W69_core	P79733	1.536E-101	93.300	1	165	116	280	LKPDERHFISHVLAFFAASDGIVNENLVERFSQEVQVTEARCFYGFQIAMENIHSEMYSLLIDTYIKDPKEREYLFNAIETMPCVKKKADWALRWIGDKEATYGERVVAFAAVEGIFFSGSFASIFWLKKRGLMPGLTFSNELISRDEGLHCDFACLMFKHLVHK	LKDEERYFISHVLAFFAASDGIVNENLVERFTQEVQVTEARCFYGFQIAMENIHSEMYSLLIDTYIKDSKEREFLFNAIETMPCVKKKADWALNWIGDKNARYGERVVAFAAVEGIFFSGSFASIFWLKKRGLMPGLTFSNELISRDEGLHCDFACLMFKHLINK
1W69_core	P07201	2.181E-98	89.000	1	165	111	275	LKPDERHFISHVLAFFAASDGIVNENLVERFSQEVQVTEARCFYGFQIAMENIHSEMYSLLIDTYIKDPKEREYLFNAIETMPCVKKKADWALRWIGDKEATYGERVVAFAAVEGIFFSGSFASIFWLKKRGLMPGLTFSNELISRDEGLHCDFACLMFKHLVHK	LKKEEKHFISHVLAFFAASDGIVNENLVERFSKEVQVTEARCFYGFQIAMENIHSEMYSLLIDTYIKDPQERDFLFNAIETMPCVKEKADWAMRWINDDSSSYAERVVAFAAVEGIFFSGSFASIFWLKKRGIMPGLTFSNELISRDEGLHCDFACLMFSHLVNK
1W69_core	Q4R741	3.401E-96	87.200	1	165	81	245	LKPDERHFISHVLAFFAASDGIVNENLVERFSQEVQVTEARCFYGFQIAMENIHSEMYSLLIDTYIKDPKEREYLFNAIETMPCVKKKADWALRWIGDKEATYGERVVAFAAVEGIFFSGSFASIFWLKKRGLMPGLTFSNELISRDEGLHCDFACLMFKHLVHK	LKADEKYFISHILAFFAASDGIVNENLVERFSQEVQVPEARCFYGFQILIENVHSEMYSLLIDTYIRDPKKREFLFNAIETMPYVKKKADWALRWIADRKSTFGERVVAFAAVEGIFFSGSFAAIFWLKKRGLMPGLTFSNELISRDEGLHCDFACLMFQYLVNK
1W69_core	Q6PEE3	3.401E-96	87.200	1	165	81	245	LKPDERHFISHVLAFFAASDGIVNENLVERFSQEVQVTEARCFYGFQIAMENIHSEMYSLLIDTYIKDPKEREYLFNAIETMPCVKKKADWALRWIGDKEATYGERVVAFAAVEGIFFSGSFASIFWLKKRGLMPGLTFSNELISRDEGLHCDFACLMFKHLVHK	LKSDEKYFISHILAFFAASDGIVNENLVERFSQEVQVPEARCFYGFQILIENVHSEMYSLLIDTYIRDPKKREFLFNAIETMPYVKKKADWALRWIADRKSTFGERVVAFAAVEGIFFSGSFAAIFWLKKRGLMPGLTFSNELISRDEGLHCDFACLMFQYLVNK
1W69_core	P48592	3.401E-96	87.200	1	165	123	287	LKPDERHFISHVLAFFAASDGIVNENLVERFSQEVQVTEARCFYGFQIAMENIHSEMYSLLIDTYIKDPKEREYLFNAIETMPCVKKKADWALRWIGDKEATYGERVVAFAAVEGIFFSGSFASIFWLKKRGLMPGLTFSNELISRDEGLHCDFACLMFKHLVHK	LKDDERHFISHVLAFFAASDGIVNENLVERFSQEVQITEARCFYGFQIAMENVHSEMYSVLIDTYIRDPHQREYLFNAIETMPAVKRKADWALSWISSKSANFGERIIAFAAVEGIFFSGSFASIFWLKKRGLMPGLTFSNELISRDEGLHCDFAVLMFQHLVQR
1W69_core	Q7LG56	4.664E-96	86.600	1	165	81	245	LKPDERHFISHVLAFFAASDGIVNENLVERFSQEVQVTEARCFYGFQIAMENIHSEMYSLLIDTYIKDPKEREYLFNAIETMPCVKKKADWALRWIGDKEATYGERVVAFAAVEGIFFSGSFASIFWLKKRGLMPGLTFSNELISRDEGLHCDFACLMFKHLVHK	LKADEKYFISHILAFFAASDGIVNENLVERFSQEVQVPEARCFYGFQILIENVHSEMYSLLIDTYIRDPKKREFLFNAIETMPYVKKKADWALRWIADRKSTFGERVVAFAAVEGVFFSGSFAAIFWLKKRGLMPGLTFSNELISRDEGLHCDFACLMFQYLVNK
1W69_core	Q5R9G0	4.664E-96	86.600	1	165	81	245	LKPDERHFISHVLAFFAASDGIVNENLVERFSQEVQVTEARCFYGFQIAMENIHSEMYSLLIDTYIKDPKEREYLFNAIETMPCVKKKADWALRWIGDKEATYGERVVAFAAVEGIFFSGSFASIFWLKKRGLMPGLTFSNELISRDEGLHCDFACLMFKHLVHK	LKADEKYFISHILAFFAASDGIVNENLVERFSQEVQVPEARCFYGFQILIENVHSEMYSLLIDTYIRDPKKREFLFNAIETMPYVKKKADWALRWIADRKSTFGERVVAFAAVEGVFFSGSFAAIFWLKKRGLMPGLTFSNELISRDEGLHCDFACLMFQYLVNK
1W69_core	O57175	9.081E-93	85.300	1	164	51	213	LKPDERHFISHVLAFFAASDGIVNENLVERFSQEVQVTEARCFYGFQIAMENIHSEMYSLLIDTYIKDPKEREYLFNAIETMPCVKKKADWALRWIGDKEATYGERVVAFAAVEGIFFSGSFASIFWLKKRGLMPGLTFSNELISRDEGLHCDFACLMFKHLVH	LTPDEKYFIKHVLAFFAASDGIVNENLAERFCTEVQITEARCFYGFQMAIENIHSEMYSLLIDTYVKDSNEKNYLFNAIETMPCVKKKADWAQKWIHD-SAGYGERLIAFAAVEGIFFSGSFASIFWLKKRGLMPGLTFSNELISRDEGLHCDFACLMFKHLLH
1W69_core	P11158	9.081E-93	85.300	1	164	51	213	LKPDERHFISHVLAFFAASDGIVNENLVERFSQEVQVTEARCFYGFQIAMENIHSEMYSLLIDTYIKDPKEREYLFNAIETMPCVKKKADWALRWIGDKEATYGERVVAFAAVEGIFFSGSFASIFWLKKRGLMPGLTFSNELISRDEGLHCDFACLMFKHLVH	LTPDEKYFIKHVLAFFAASDGIVNENLAERFCTEVQITEARCFYGFQMAIENIHSEMYSLLIDTYVKDSNEKNYLFNAIETMPCVKKKADWAQKWIHD-SAGYGERLIAFAAVEGIFFSGSFASIFWLKKRGLMPGLTFSNELISRDEGLHCDFACLMFKHLLH
1W69_core	A0A7H0DN21	9.081E-93	85.300	1	164	51	213	LKPDERHFISHVLAFFAASDGIVNENLVERFSQEVQVTEARCFYGFQIAMENIHSEMYSLLIDTYIKDPKEREYLFNAIETMPCVKKKADWALRWIGDKEATYGERVVAFAAVEGIFFSGSFASIFWLKKRGLMPGLTFSNELISRDEGLHCDFACLMFKHLVH	LTPDEKYFIKHVLAFFAASDGIVNENLAERFCTEVQITEARCFYGFQMAIENIHSEMYSLLIDTYVKDSNEKNYLFNAIETMPCVKKKADWAQKWIHD-SAGYGERLIAFAAVEGIFFSGSFASIFWLKKRGLMPGLTFSNELISRDEGLHCDFACLMFKHLLH
1W69_core	P0DSS8	4.399E-92	84.700	1	164	51	213	LKPDERHFISHVLAFFAASDGIVNENLVERFSQEVQVTEARCFYGFQIAMENIHSEMYSLLIDTYIKDPKEREYLFNAIETMPCVKKKADWALRWIGDKEATYGERVVAFAAVEGIFFSGSFASIFWLKKRGLMPGLTFSNELISRDEGLHCDFACLMFKHLVH	LTPDEKYFIKHVLAFFAASDGIVNENLAERFCIEVQITEARCFYGFQMAIENIHSEMYSLLIDTYVKDSNEKNYLFNAIETMPCVKKKADWAQKWIHD-SASYGERLIAFAAVEGIFFSGSFASIFWLKKRGLMPGLTFSNELISRDEGLHCDFACLMFKHLLY
1W69_core	P20493	6.032E-92	84.700	1	164	51	213	LKPDERHFISHVLAFFAASDGIVNENLVERFSQEVQVTEARCFYGFQIAMENIHSEMYSLLIDTYIKDPKEREYLFNAIETMPCVKKKADWALRWIGDKEATYGERVVAFAAVEGIFFSGSFASIFWLKKRGLMPGLTFSNELISRDEGLHCDFACLMFKHLVH	LTPDEKYFIKHVLAFFAASDGIVNENLAERFCTEVQITEARCFYGFQMAIENIHSEMYSLLIDTYVKDSNEKNYLFNAIETMPCVKKKADWAQKWIHD-SAGYGERLIAFAAVEGIFFSGSFASIFWLKKRGLMPGLTFSNELISRDEGLHCDFACLMFKHLLY
1W69_core	P29883	8.270E-92	85.100	3	164	53	213	PDERHFISHVLAFFAASDGIVNENLVERFSQEVQVTEARCFYGFQIAMENIHSEMYSLLIDTYIKDPKEREYLFNAIETMPCVKKKADWALRWIGDKEATYGERVVAFAAVEGIFFSGSFASIFWLKKRGLMPGLTFSNELISRDEGLHCDFACLMFKHLVH	PDEKYFIKHVLAFFAASDGIVNENLAERFCTEVQITEARCFYGFRMAIENIHSEMYSLLIDTYVKDSNEKNYLFNAIETMPCVKKKADWAQKWIHD-SAGYGERLIAFAAVEGIFFSGSFASIFWLKKRGLMPGLTFSNELISRDEGLHCDFACLMFKHLLH
1W69_core	P0DSS7	1.134E-91	84.700	1	164	51	213	LKPDERHFISHVLAFFAASDGIVNENLVERFSQEVQVTEARCFYGFQIAMENIHSEMYSLLIDTYIKDPKEREYLFNAIETMPCVKKKADWALRWIGDKEATYGERVVAFAAVEGIFFSGSFASIFWLKKRGLMPGLTFSNELISRDEGLHCDFACLMFKHLVH	LTPDEKYFIKHVLAFFAASDGIVNENLAERFCIEVQITEARCFYGFQMAIENIHSEMYSLLIDTYVKDSNEKNYLFNAIETMPCVKKKADWAQKWIHD-SAGYGERLIAFAAVEGIFFSGSFASIFWLKKRGLMPGLTFSNELISRDEGLHCDFACLMFKHLLY
1W69_core	Q9C167	8.565E-89	82.000	1	162	127	288	LKPDERHFISHVLAFFAASDGIVNENLVERFSQEVQVTEARCFYGFQIAMENIHSEMYSLLIDTYIKDPKEREYLFNAIETMPCVKKKADWALRWIGDKEATYGERVVAFAAVEGIFFSGSFASIFWLKKRGLMPGLTFSNELISRDEGLHCDFACLMFKHL	LNDDEKFFISHILAFFAASDGIVNENLVERFSGEVQIPEARCFYGFQIMMENIHSETYSLLIDTYIKEPSQRTYLFNAIDTIPCIRKKADWALRWITDKSSTFAQRLVAFAAVEGIFFSGAFASIFWLKKRGLMPGLTFSNELISRDEGLHTDFACLLFSHL
1W69_core	Q9DHU2	7.801E-88	80.400	1	164	55	218	LKPDERHFISHVLAFFAASDGIVNENLVERFSQEVQVTEARCFYGFQIAMENIHSEMYSLLIDTYIKDPKEREYLFNAIETMPCVKKKADWALRWIGDKEATYGERVVAFAAVEGIFFSGSFASIFWLKKRGLMPGLTFSNELISRDEGLHCDFACLMFKHLVH	LSDNEKNFIKHILAFFAASDGIVNENLAERFYSEVQISEARCFYGFQIAMENIHSEMYSLLIDTYILDSKEKNYLFNAIENMNCVKQKANWAKKWIESKNRTYGERLVAFAAVEGIFFSGSFAAIFWIKKRGLMPGLTFSNELISRDEGLHCDFACIMFKHLLN
1W69_core	P32209	1.831E-86	80.400	1	164	51	213	LKPDERHFISHVLAFFAASDGIVNENLVERFSQEVQVTEARCFYGFQIAMENIHSEMYSLLIDTYIKDPKEREYLFNAIETMPCVKKKADWALRWIGDKEATYGERVVAFAAVEGIFFSGSFASIFWLKKRGLMPGLTFSNELISRDEGLHCDFACLMFKHLVH	LTKDEKYFIKHILAFFASSDGIVNENLAERFYVDVQCSEARCFYGFQIAMENIHSEMYSLLIDTYVRDNIEKMHLFNAIETMECVKKKADWARKWISSNK-VYGERVVAFAAVEGIFFSGSFAAIFWIKKRGLMPGLTFSNELISRDEGLHCDFACLMFKHLLH
1W69_core	P42521	1.259E-82	77.500	1	165	62	225	LKPDERHFISHVLAFFAASDGIVNENLVERFSQEVQVTEARCFYGFQIAMENIHSEMYSLLIDTYIKDPKEREYLFNAIETMPCVKKKADWALRWIGDKEATYGERVVAFAAVEGIFFSGSFASIFWLKKRGLMPGLTFSNELISRDEGLHCDFACLMFKHLVHK	LTDNERHFISHVLAFFAASDGIVNENLATRFMSEVQIPEARCFYGFQIAIENIHSETYSLLIETYIKDKQTKDKLFNAIETIPCIKKKAEWALRWINDSD-SFAERLVAFAAVEGIFFSGSFCSIFWLKKRGLMQGLTFSNELISRDEGLHCDFACLLYTKLQRK
1W69_core	P09938	2.956E-81	75.700	1	165	126	290	LKPDERHFISHVLAFFAASDGIVNENLVERFSQEVQVTEARCFYGFQIAMENIHSEMYSLLIDTYIKDPKEREYLFNAIETMPCVKKKADWALRWIGDKEATYGERVVAFAAVEGIFFSGSFASIFWLKKRGLMPGLTFSNELISRDEGLHCDFACLMFKHLVHK	MNENERFFISRVLAFFAASDGIVNENLVENFSTEVQIPEAKSFYGFQIMIENIHSETYSLLIDTYIKDPKESEFLFNAIHTIPEIGEKAEWALRWIQDADALFGERLVAFASIEGVFFSGSFASIFWLKKRGMMPGLTFSNELICRDEGLHTDFACLLFAHLKNK
1W69_core	P36603	7.617E-81	76.300	1	165	116	280	LKPDERHFISHVLAFFAASDGIVNENLVERFSQEVQVTEARCFYGFQIAMENIHSEMYSLLIDTYIKDPKEREYLFNAIETMPCVKKKADWALRWIGDKEATYGERVVAFAAVEGIFFSGSFASIFWLKKRGLMPGLTFSNELISRDEGLHCDFACLMFKHLVHK	LNADERYFISTVLAYFAASDGIVNENLLERFSSEVQIPEARCVYGFQIMIENIHSETYSLLLDTYIREPKEKQRHFDAILTMGSIKAKAKWALRWINDEDSTYAIRLVAFAAVEGIFFSGSFASIFWLKKRGLMPGLTFSNELICRDEGLHTDFACLMFSHLKHR
1W69_core	Q9LSD0	1.963E-80	76.300	1	165	57	220	LKPDERHFISHVLAFFAASDGIVNENLVERFSQEVQVTEARCFYGFQIAMENIHSEMYSLLIDTYIKDPKEREYLFNAIETMPCVKKKADWALRWIGDKEATYGERVVAFAAVEGIFFSGSFASIFWLKKRGLMPGLTFSNELISRDEGLHCDFACLMFKHLVHK	LNDGERHFIKHVLAFFAASDGIVLENLASRFMSDVQVSEARAFYGFQIAIENIHSEMYSLLLDTYIKDNKERDHLFRAIETIPCVAKKAQWAMKWI-DGSQTFAERIIAFACVEGIFFSGSFCSIFWLKKRGLMPGLTFSNELISRDEGLHCDFACLLYTLLKTK
1W69_core	Q8SRR2	2.691E-80	76.300	1	165	57	221	LKPDERHFISHVLAFFAASDGIVNENLVERFSQEVQVTEARCFYGFQIAMENIHSEMYSLLIDTYIKDPKEREYLFNAIETMPCVKKKADWALRWIGDKEATYGERVVAFAAVEGIFFSGSFASIFWLKKRGLMPGLTFSNELISRDEGLHCDFACLMFKHLVHK	LNAKERHFISYVLAFFAASDGIVNLNLVERFSTEVKVLEARFFYGFQMAIENIHSEMYSLLIDTYIRDNDEKNFLFDAIRTIPSVKEKADWAIRWIEDKNSDFATRLVAFACVEGIFFSGAFASIFWLKKRGLMPGLTFSNELISRDEGLHCEFACLLHYHLKKK
1W69_core	P0DKH3	5.059E-80	76.500	1	162	57	217	LKPDERHFISHVLAFFAASDGIVNENLVERFSQEVQVTEARCFYGFQIAMENIHSEMYSLLIDTYIKDPKEREYLFNAIETMPCVKKKADWALRWIGDKEATYGERVVAFAAVEGIFFSGSFASIFWLKKRGLMPGLTFSNELISRDEGLHCDFACLMFKHL	LTNDERHFIKHVLAFFAASDGIVLENLSTRFMSDVQISEARAFYGFQIAIENIHSEMYSLLLDTYIKDNKERDHLFRAIETIPCVTKKAEWAMKWINGSQ-SFAERIVAFACVEGIFFSGSFCSIFWLKKRGLMPGLTFSNELISRDEGLHCDFACLIYSLL
1W69_core	P42170	6.316E-79	76.500	4	165	114	275	DERHFISHVLAFFAASDGIVNENLVERFSQEVQVTEARCFYGFQIAMENIHSEMYSLLIDTYIKDPKEREYLFNAIETMPCVKKKADWALRWIGDKEATYGERVVAFAAVEGIFFSGSFASIFWLKKRGLMPGLTFSNELISRDEGLHCDFACLMFKHLVHK	DEQYFISRILAFFAASDGIVNENLCERFSNEVQVSEARFFYGFQIAIENIHSEMYSKLIETYIRDETERNTLFNAVDEFEFIKKKADWALRWISDKKASFAERLIAFAAVEGIFFSGSFASIFWLKKRGLMPGLTHSNELISRDEGLHRDFACLLYSKLQKK
1W69_core	P49730	2.232E-78	76.500	1	162	56	216	LKPDERHFISHVLAFFAASDGIVNENLVERFSQEVQVTEARCFYGFQIAMENIHSEMYSLLIDTYIKDPKEREYLFNAIETMPCVKKKADWALRWIGDKEATYGERVVAFAAVEGIFFSGSFASIFWLKKRGLMPGLTFSNELISRDEGLHCDFACLMFKHL	LTPGERHFITHVLAFFAASDGIVLENLAGRFMKEVQVAEARAFYGFQIAIENIHSEMYSLLLESYIKDSDEKSRLFRAVETNPCVEKKAKWALRWI-DGSETFAERLVAFACVEGIFFSGSFCAIFWLKKRGLMPGLTFSNELISRDEGLHCDFACLLYSLL
1W69_core	O15910	2.537E-76	72.800	1	165	66	230	LKPDERHFISHVLAFFAASDGIVNENLVERFSQEVQVTEARCFYGFQIAMENIHSEMYSLLIDTYIKDPKEREYLFNAIETMPCVKKKADWALRWIGDKEATYGERVVAFAAVEGIFFSGSFASIFWLKKRGLMPGLTFSNELISRDEGLHCDFACLMF-KHLVHK	LDDGERHFIKHVLAFFAASDGIVLENLAERFMCEVQVPEVRCFYGFQIAMENIHSETYSVLIDTYVVDPDEKQRLLHAIRTIPCIEKKAKWAIEWIG-SQTSFPTRLVAFAAVEGIFFSGSFCAIFWLKKRGLMPGLTFSNELISRDEGLHTDFACLLYEKYIVNK
1W69_core	P50651	1.229E-75	73.400	1	162	68	228	LKPDERHFISHVLAFFAASDGIVNENLVERFSQEVQVTEARCFYGFQIAMENIHSEMYSLLIDTYIKDPKEREYLFNAIETMPCVKKKADWALRWIGDKEATYGERVVAFAAVEGIFFSGSFASIFWLKKRGLMPGLTFSNELISRDEGLHCDFACLMFKHL	LTDSEKHFISHILAFFAASDGIVLENLAARFLNDVQVPEARAFYGFQIAMENIHSEMYSLLLETFIKDSKEKDRLFNAIETIPCISKKAKWCLDWI-QSPMSFAVRLVAFACVEGIFFSGSFCAIFWLKKRGLMPGLTFSNELISRDEGLHCDFACLLYSLL
1W69_core	O46310	2.390E-72	67.400	1	165	74	238	LKPDERHFISHVLAFFAASDGIVNENLVERFSQEVQVTEARCFYGFQIAMENIHSEMYSLLIDTYIKDPKEREYLFNAIETMPCVKKKADWALRWIGDKEATYGERVVAFAAVEGIFFSGSFASIFWLKKRGLMPGLTFSNELISRDEGLHCDFACLMF-KHLVHK	LNDGERHFIKHVLAFFAGSDGIVIENLAQRFMSDVKVPEARAFYGFQLMMENIHSETYSVLLDTYITDSEEKLRLLHAIQTIPCIQKKAEWPVRWIG-SSASFQQRLIGFAAVEGIFFSGSFCALFWLKKRGLMPGLTFSNELISRDEGLHTDFACLLYNSHIKHK
1W69_core	P50650	3.190E-65	66.000	1	165	80	243	LKPDERHFISHVLAFFAASDGIVNENLVERFSQEVQVTEARCFYGFQIAMENIHSEMYSLLIDTYIKDPKEREYLFNAIETMPCVKKKADWALRWIGDKEATYGERVVAFAAVEGIFFSGSFASIFWLKKRGLMPGLTFSNELISRDEGLHCDFACLMFKHLVHK	LNENEKHFIKHVLAFFAASDGIVLENLASKFLREVQITEAKKFYSFQIAVENIHSETYSLLIDNYIKDEKERLNLFHAIENIPAVKNKALWAAKWINDTN-SFAERIVANACVEGILFSGSFCAIFWFKKQNKLHGLTFSNELISRDEGLHTDFNCLIYSLLDNK
1W69_core	P50649	1.545E-64	66.000	1	165	51	214	LKPDERHFISHVLAFFAASDGIVNENLVERFSQEVQVTEARCFYGFQIAMENIHSEMYSLLIDTYIKDPKEREYLFNAIETMPCVKKKADWALRWIGDKEATYGERVVAFAAVEGIFFSGSFASIFWLKKRGLMPGLTFSNELISRDEGLHCDFACLMFKHLVHK	LNENEKHFIKHVLAFFAASDGIVLENLAVSFLREVQITEAKKFYSFQIAVENIHSETYSLLIDNYIKDEKERLNLFHAIENIPAVKNKALWAAKWINDTN-SFAERIVANACVEGILFSGSFCAIFWFKKQNKLHGLTFSNELISRDEGLHTDFNCLIYSLLDNK
1W69_core	Q9QTF2	4.113E-61	60.400	5	165	47	207	ERHFISHVLAFFAASDGIVNENLVERFSQEV-QVTEARCFYGFQIAMENIHSEMYSLLIDTYIKDPKEREYLFNAIETMPCVKKKADWALRWIGDKEATYGERVVAFAAVEGIFFSGSFASIFWLKKRGLMPGLTFSNELISRDEGLHCDFACLMFKHLVHK	ERRFMSHILAFFAMADGIVGDNLVCNFAKELDHIPEARAFYGFQVAIENIHAEMYTQLIITLVA-KENQAALFSAAEDMPCVKAKAQWAAQWLNATHKPIATRLLAFAAVEGVMFSGSFAAIFWLKKRSLMPGLAFSNELISRDEGLHCDFACMLFRQMANK
1W69_core	Q7T6Y9	1.365E-56	56.700	1	162	149	311	LKPDERHFISHVLAFFAASDGIVNENLVERFSQEVQVTEARCFYGFQIAMENIHSEMYSLLIDTYIKDPKEREYLFNAIETMPCVKKKADWALRWIGDKEATYGERVVAFAAVEGIFFSGSFASIFWLKKRGL--MPGLTFSNELISRDEGLHCDFACLMFKHL	LSDDDRNFIMHVLAFFAAADGIVNANIKENLIDVVKIKEAECAYGFQYAMENAHGEMYSLMLTTFVKDDALRNKLINSIKTMPSIKKKADWCNKWI-KSDKTYAHKLVAFSIVEGVFFSGSFASIFWLKTREMHVMPGLIISNQFIARDENKHVELACIMYSLL
1W69_core	P49723	9.895E-47	48.700	1	162	74	234	LKPDERHFISHVLAFFAASDGIVNENLVERFSQEVQVTEARCFYGFQIAMENIHSEMYSLLIDTYIKDPKEREYLFNAIETMPCVKKKADWALRWIGDKEATYGERVVAFAAVEGIFFSGSFASIFWLKKRGLMPGLTFSNELISRDEGLHCDFACLMFKHL	LTDDQKTYIGNLLALSISSDNLVNKYLIENFSAQLQNPEGKSFYGFQIMMENIYSEVYSMMVDAFFKDPKNIP-LFKEIANLPEVKHKAAFIERWISNDDSLYAERLVAFAAKEGIFQAGNYASMFWLTDKKIMPGLAMANRNICRDRGAYTDFSCLLFAHL
1W69_core	P42492	2.102E-44	47.200	2	164	60	221	KPDERHFISHVLAFFAASDGIVNENLVERFSQEVQVTEARCFYGFQIAMENIHSEMYSLLIDTYIKDPKEREYLFNAIETMPCVKKKADWALRWIGDKEATYGERVVAFAAVEGIFFSGSFASIFWLKKRGLMPGLTFSNELISRDEGLHCDFACLMFKHLVH	KP-QREFYKQILAFFVVADEIVIENLLTNFMREIKVKEVLYFYTMQAAQECVHSEAYSIQVKTLIPDEKEQQRIFSGIEKHPIIKKMAQWVRQWMDPDRNTLGERLVGFAAVEGILFQNHFVAIQFLKEQNIMPGLVSYNEFISRDEGVHCSFACFLISNYVY
1W69_core	P26713	5.412E-44	46.600	2	164	53	214	KPDERHFISHVLAFFAASDGIVNENLVERFSQEVQVTEARCFYGFQIAMENIHSEMYSLLIDTYIKDPKEREYLFNAIETMPCVKKKADWALRWIGDKEATYGERVVAFAAVEGIFFSGSFASIFWLKKRGLMPGLTFSNELISRDEGLHCDFACLMFKHLVH	KP-QREFYKQILAFFVVADEIVIENLLTNFMREIKVKEVLYFYTMQAAQECVHSEAYSIQVKTLIPDEKEQQRIFSGIEKHPIIKKMAQWVRQWMDPARNSLGERLVGFAAVEGILFQNHFVAIQFLKEQNIMPGLVSYNEFISRDEGMHCSFACFLISNYVY
1W69_core	P0C8I2	5.412E-44	46.600	2	164	53	214	KPDERHFISHVLAFFAASDGIVNENLVERFSQEVQVTEARCFYGFQIAMENIHSEMYSLLIDTYIKDPKEREYLFNAIETMPCVKKKADWALRWIGDKEATYGERVVAFAAVEGIFFSGSFASIFWLKKRGLMPGLTFSNELISRDEGLHCDFACLMFKHLVH	KP-QREFYKQILAFFVVADEIVIENLLTNFMREIKVKEVLYFYTMQAAQECVHSEAYSIQVKTLIPDEKEQQRIFSGIEKHPIIKKMAQWVRQWMDPTKNSLGERLVGFAAVEGILFQNHFVAIQFLKEQNIMPGLVSYNEFISRDEGVHCSFACFLISNYVY
1W69_core	P0C8I1	7.417E-44	46.200	5	164	55	214	ERHFISHVLAFFAASDGIVNENLVERFSQEVQVTEARCFYGFQIAMENIHSEMYSLLIDTYIKDPKEREYLFNAIETMPCVKKKADWALRWIGDKEATYGERVVAFAAVEGIFFSGSFASIFWLKKRGLMPGLTFSNELISRDEGLHCDFACLMFKHLVH	QREFYKQILAFFVVADEIVIENLLTNFMREIKVKEVLYFYTMQAAQECVHSEAYSIQVKTLIPDEKEQQRIFSGIEKHPIIKKMAQWVRQWMDPTKNSLGERLVGFAAVEGILFQNHFVAIQFLKEQNIMPGLVSYNEFISRDEGVHCSFACFLISNYVY
1W69_core	P0C8I0	4.914E-43	45.300	2	164	53	214	KPDERHFISHVLAFFAASDGIVNENLVERFSQEVQVTEARCFYGFQIAMENIHSEMYSLLIDTYIKDPKEREYLFNAIETMPCVKKKADWALRWIGDKEATYGERVVAFAAVEGIFFSGSFASIFWLKKRGLMPGLTFSNELISRDEGLHCDFACLMFKHLVH	KP-QREFYKQILAFFVVADEIVIENLLTNFMREIKVKEVLYFYTMQAAQECVHSEAYSIQVKTLIPDEKEQQRIFSGIEKHPIIRKMAQWVQQWMDPVKNSLGERLVGFAAVEGILFQNHFVAIQFLKEQNIMPGLVSYNEFISRDEGMHCSFACFLISNYLN
1W69_core	P0DKH2	7.053E-37	75.800	1	87	57	143	LKPDERHFISHVLAFFAASDGIVNENLVERFSQEVQVTEARCFYGFQIAMENIHSEMYSLLIDTYIKDPKEREYLFNAIETMPCVKK	LTNDERHFIKHVLAFFAASDGIVLENLSTRFMSDVQISEARAFYGFQIAIENIHSEMYSLLLDTYIKDNKERDHLFRAIETIPCDEK
1W69_core	Q6UDJ1	1.844E-18	32.900	1	161	49	210	LKPDERHFISHVLAFFAASDGIVN---ENLVERFSQEVQVTEARCFYGFQIAMENIHSEMYSLLIDTYIK-DPKERE-YLFNAIETMPCVKKKADWALRWIGD-KEATYGERVVAFAAVEGIFFSGSFASIFWLKKRGLMPGLTFSNELISRDEGLHCDFACLMFKH	LTEDECDFYKFVFCFLAAADDLVNVNLDNLVTLFPQK----DIQHYYAEQIRIETVHSRTYSAVQLVFFRNDAIARDRYVLEAVKD-GAIRRKIDWLSRIQNEGDELTLPEKYILMILIEGIFFVSSFAAISYLRRHSIFQVTCQSNDLISRDETIHTTASCCIYNN
1W69_core	Q66662	4.711E-18	32.300	1	163	45	206	LKPDERHFISHVLAFFAASDGIVNENLVERFSQEVQVTEARCFYGFQIAMENIHSEMYSLLIDTYIK-DPKEREYLFNAIETMPCVKKKADWALRWIGDKEATYGERVVAFAAVEGIFFSGSFASIFWLKKRGLMPGLTFSNELISRDEGLHCDFACLMFKHLV	LNPRDLEFYKFLFSFLAMAEKLVNFN-IQALVADFHSHDLEHYYTEQEAMENIHGKVYANILNMFFKNNVGEMQKYAREIVGDEALAAKLHWLHGRVSEAK-TRAEKVLVFLLIEGIFFISSFYSIATLRVRGLMNGVCMANDYISRDEWVHTRAAALLFNTLV
1W69_core	Q77MS0	8.803E-18	31.900	1	161	82	241	LKPDERHFISHVLAFFAASDGIVN---ENLVERFSQEVQVTEARCFYGFQIAMENIHSEMYSLL-IDTYIKDPKER-EYLFNAIETMPCVKKKADWALRWIGDKEATYGERVVAFAAVEGIFFSGSFASIFWLKKRGLMPGLTFSNELISRDEGLHCDFACLMFKH	LTEEERYFYRFLFTFLSAADDLVNLNIDNLLGLFSQK----DIHHYYFEQECIEAVHSRAYSIIQLMLFDNDSLARAEYVKTSLNS-PAIQSKLDWLNKRVIEC-SSIAEKYILMILIEGIFFSASFAAIAYLRINNLFVVTCQINNLISRDEAIHVEASCCIFKN
1W69_core	P0CAP7	2.248E-17	30.900	1	165	42	205	LKPDERHFISHVLAFFAASDGIVNENLVERFSQEVQVTEARCFYGFQIAMENIHSEMYSLLIDTYIKDPKEREYLFNAIETMPCVKKKADWALRWIGDKEA---TYGERVVAFAAVEGIFFSGSFASIFWLKKRGLMPGLTFSNELISRDEGLHCDFACLMFKHLVHK	LNERDLEFYKFLFTFLAMAEKLVNFN-IDELVTSFESHDIDHYYTEQKAMENVHGETYANILNMLFDGDRA---AMNAYAEAIMADEALQAKISWLRDKVAAAVTLPEKILVFLLIEGIFFISSFYSIALLRVRGLMPGICLANNYISRDELLHTRAASLLYNSMTAK
1W69_core	P0CAP6	2.248E-17	30.900	1	165	42	205	LKPDERHFISHVLAFFAASDGIVNENLVERFSQEVQVTEARCFYGFQIAMENIHSEMYSLLIDTYIKDPKEREYLFNAIETMPCVKKKADWALRWIGDKEA---TYGERVVAFAAVEGIFFSGSFASIFWLKKRGLMPGLTFSNELISRDEGLHCDFACLMFKHLVHK	LNERDLEFYKFLFTFLAMAEKLVNFN-IDELVTSFESHDIDHYYTEQKAMENVHGETYANILNMLFDGDRA---AMNAYAEAIMADEALQAKISWLRDKVAAAVTLPEKILVFLLIEGIFFISSFYSIALLRVRGLMPGICLANNYISRDELLHTRAASLLYNSMTAK
1W69_core	P0C701	2.248E-17	30.900	1	165	42	205	LKPDERHFISHVLAFFAASDGIVNENLVERFSQEVQVTEARCFYGFQIAMENIHSEMYSLLIDTYIKDPKEREYLFNAIETMPCVKKKADWALRWIGDKEA---TYGERVVAFAAVEGIFFSGSFASIFWLKKRGLMPGLTFSNELISRDEGLHCDFACLMFKHLVHK	LNERDLEFYKFLFTFLAMAEKLVNFN-IDELVTSFESHDIDHYYTEQKAMENVHGETYANILNMLFDGDRA---AMNAYAEAIMADEALQAKISWLRDKVAAAVTLPEKILVFLLIEGIFFISSFYSIALLRVRGLMPGICLANNYISRDELLHTRAASLLYNSMTAK
1W69_core	F5HAW0	3.073E-17	30.500	1	163	45	206	LKPDERHFISHVLAFFAASDGIVN---ENLVERFSQEVQVTEARCFYGFQIAMENIHSEMYSLLIDTYIKDPKEREYLFNA-IETMPCVKKKADWALRWIGDKEATYGERVVAFAAVEGIFFSGSFASIFWLKKRGLMPGLTFSNELISRDEGLHCDFACLMFKHLV	LSDADKDFYRFLFTFLGMAERLVNFNIEDLVTNFNSH----DVAHYYAEQVAMENIHGVVYANILKIFFNNSRGELLAYAAKIILDPALCEKLEW-LHSRVRKATTKAQKILMFLIVEGIYFISSFYSISLCRVRGIMPGVCLANDYISRDELLHTKAASMLYNTMV
1W69_core	Q6R7K3	1.072E-16	35.400	1	154	111	264	LKPDERHFISHVLAFFAASDGIVNENLVERFSQEVQVTEARCFYGFQIAMENIHSEMYSLLIDTYIKDPKEREYLFNAI---ETMPCVKKKADWALRWIGDKEATYGERVVAFAAVEGIFFSGSFASIFWLKKRG-LMPGLTFSNELISRDEGLHCDF	ISENERDCVRKVLAFFAVGDTLVKDR-IAIFADEFPLPECKDFIDWQTVNEGVHQRVYNNYLDALVKDKIYLADLVNAYKDPEFAP-IKKKVDWLGKIISVENDSRGEMVVGQVCTEAIMFAASFAIL--LKFRAPYMRALVLGNEFIRRDETLHFRF
1W69_core	P10224	2.001E-16	31.200	1	161	75	234	LKPDERHFISHVLAFFAASDGIVNENLVERFSQEVQVTEARCFYGFQIAMENIHSEMYSL--LIDTYIKDPKEREYLFNAIETMPCVKKKADWALRWIGDKEATYGERVVAFAAVEGIFFSGSFASIFWLKKRGLMPGLTFSNELISRDEGLHCDFACLMFKH	LSEGELSFYRFLFAFLSAADDLVTENL-GGLSGLFEQKDILHYYVEQECIEVVHSRVYNIIQLVLFHNNDQARREYVAGTI-NHPAIRAKVDWLEARVREC-ASVPEKFILMILIEGIFFAASFAAIAYLRTNNLLRVTCQSNDLISRDEAVHTTASCYIYNN
1W69_core	Q01319	3.736E-16	33.300	5	159	58	211	ERHFISHVLAFFAASDGIVNEN---LVERFSQEVQVTEARCFYGFQIAMENIHSEMYSLL-IDTYIKDPKEREYLFNAIETMPCVKKKADWALRWIGDKEATYGERVVAFAAVEGIFFSGSFASIFWLKKRGLMPGLTFSNELISRDEGLHCDFACLMF	ELEFYRFLFAFLSAADDLVNVNLGDLSELFTQK----DILHYYIEQESIEVVHSRVYSAIQLLLFRNDAVARAGYVEGALGDPAVRRKVDWLERRVAAAESV-AEKYVLMILIEGIFFSSSFAAIAYLRTHNLFVVTCQTNDLISRDEAVHTAASCCIF
1W69_core	O36410	5.105E-16	28.700	7	165	51	208	HFISHVLAFFAASDGIVNENLVERFSQEVQVTEARCFYGFQIAMENIHSEMYSLLIDTYIKDPKEREYLF-NAIETMPCVKKKADWALRWIGDKEATYGERVVAFAAVEGIFFSGSFASIFWLKKRGLMPGLTFSNELISRDEGLHCDFACLMFKHLVHK	NFYKYLFTFLGMAETLVNFN-IDELLVDFECHDIKHYYCEQMAMECVHGKVYFNILNMLFKNNLAATWEFAEAVLKDEALQKKLEWLESKI-KMAKTKAEKVLIFYLIEGVFFISSFYCIGLLRVKGVMPGVCMANDYISRDELLHTRAAALLYNTMIPK
1W69_core	Q01038	6.974E-16	31.200	1	159	45	202	LKPDERHFISHVLAFFAASDGIVNENLVERFSQEVQVTEARCFYGFQIAMENIHSEMYSLLIDTYIKDPKEREYLFNA-IETMPCVKKKADWALRWIGDK--EAT-YGERVVAFAAVEGIFFSGSFASIFWLKKRGLMPGLTFSNELISRDEGLHCDFACLMF	LNERDLEFYKFLFTFLGMAEKLVNINIEDLLSQ-FDSHDISHYYAEQMAMENIHGKVYANILNMLFKNNITEVYSYACDIMNDSALQEK----LRWLNGRVTEASDKAEKILLFLLVEGIFFISSFFSIGLFRVRGIMNGICLANDYIARDEMLHTSAAALLY
1W69_core	P09247	6.974E-16	29.900	1	163	47	208	LKPDERHFISHVLAFFAASDGIVNEN---LVERFSQEVQVTEARCFYGFQIAMENIHSEMYS-LLIDTYIKDPKEREYLFNAIETMPCVKKKADWALRWIGDKEATYGERVVAFAAVEGIFFSGSFASIFWLKKRGLMPGLTFSNELISRDEGLHCDFACLMFKHLV	LTEDELIFYRFIFTFLSAADDLVNVNLGSLTQLFSQK----DIHHYYIEQECIEVVHARVYSQIQLMLFRGDESLRVQYVNVTINNPSIQQKVQWLEEKVRDNPSV-AEKYILMILIEGIFFVSSFAAIAYLRNNGLFVVTCQFNDLISRDEAIHTSASCCIYNNYV
1W69_core	Q4JQV7	6.974E-16	29.900	1	163	47	208	LKPDERHFISHVLAFFAASDGIVNEN---LVERFSQEVQVTEARCFYGFQIAMENIHSEMYS-LLIDTYIKDPKEREYLFNAIETMPCVKKKADWALRWIGDKEATYGERVVAFAAVEGIFFSGSFASIFWLKKRGLMPGLTFSNELISRDEGLHCDFACLMFKHLV	LTEDELIFYRFIFTFLSAADDLVNVNLGSLTQLFSQK----DIHHYYIEQECIEVVHARVYSQIQLMLFRGDESLRVQYVNVTINNPSIQQKVQWLEEKVRDNPSV-AEKYILMILIEGIFFVSSFAAIAYLRNNGLFVVTCQFNDLISRDEAIHTSASCCIYNNYV
1W69_core	P06474	6.974E-16	31.200	1	161	75	234	LKPDERHFISHVLAFFAASDGIVNENLVERFSQEVQVTEARCFYGFQIAMENIHSEMYSL--LIDTYIKDPKEREYLFNAIETMPCVKKKADWALRWIGDKEATYGERVVAFAAVEGIFFSGSFASIFWLKKRGLMPGLTFSNELISRDEGLHCDFACLMFKH	LSEGELSFYRFLFAFLSAADDLVTENL-GGLSGLFEQKDILHYYVEQECIEVAHSRVYNIIQLVLFHNNDQARREYVAGTI-NHPAIRAKVDWLEARVREC-ASVPEKFILMILIEGIFFAASFAAIAYLRTNNLLRVTCQSNDLISRDEAVHTTASCYIYNN
1W69_core	P69520	6.187E-15	29.400	1	161	72	231	LKPDERHFISHVLAFFAASDGIVNENLVERFSQEVQVTEARCFYGFQIAMENIHSEMYSL--LIDTYIKDPKEREYLFNAIETMPCVKKKADWALRWIGDKEATYGERVVAFAAVEGIFFSGSFASIFWLKKRGLMPGLTFSNELISRDEGLHCDFACLMFKH	LSEGELGFYRFLFAFLSAADDLVTENL-GGLSGLFEQKDILHYYVEQECIEVVHSRVYNIIQLVLFHNNDQARRAYVARTI-NHPAIRVKVDWLEARVRECD-SIPEKFILMILIEGVFFAASFAAIAYLRTNNLLRVTCQSNDLISRDEAVHTTASCYIYNN
1W69_core	P69521	6.187E-15	29.400	1	161	72	231	LKPDERHFISHVLAFFAASDGIVNENLVERFSQEVQVTEARCFYGFQIAMENIHSEMYSL--LIDTYIKDPKEREYLFNAIETMPCVKKKADWALRWIGDKEATYGERVVAFAAVEGIFFSGSFASIFWLKKRGLMPGLTFSNELISRDEGLHCDFACLMFKH	LSEGELGFYRFLFAFLSAADDLVTENL-GGLSGLFEQKDILHYYVEQECIEVVHSRVYNIIQLVLFHNNDQARRAYVARTI-NHPAIRVKVDWLEARVRECD-SIPEKFILMILIEGVFFAASFAAIAYLRTNNLLRVTCQSNDLISRDEAVHTTASCYIYNN
1W69_core	P50645	8.449E-15	30.300	1	161	41	200	LKPDERHFISHVLAFFAASDGIVNEN---LVERFSQEVQVTEARCFYGFQIAMENIHSEMYSLL-IDTYIKDPKEREYLFNAIETMPCVKKKADWALRWIGDKEATYGERVVAFAAVEGIFFSGSFASIFWLKKRGLMPGLTFSNELISRDEGLHCDFACLMFKH	LSEPELEFYRFLFAFLSAADDLVNVNLGSLSELFTQK----DILHYYIEQECIEVVHSRVYSAIQLMLFRGDAAARERYVRAALRDEAIRRKVEWLDSRVAEC-ASVAEKYLLMILIEGIFFASSFASISYLRTHNLFVVTCQSNDFISRDEAIHTSASCCIYNN
1W69_core	P50644	4.010E-14	29.000	1	161	58	217	LKPDERHFISHVLAFFAASDGIVNENLVERFSQEVQVTEARCFYGFQIAMENIHSEMYSLL-IDTYIKDPKEREYLFNAIETMPCVKKKADWALRWIGDKEATYGERVVAFAAVEGIFFSGSFASIFWLKKRGLMPGLTFSNELISRDEGLHCDFACLMFKH	LAPAEREFYRFLFAFLSAADDLVNLNLGDLSALFTQ-KDILHYYIEQESIEVTHSRVYSAIQLMLFGNDATARARYVASVVKDVAIDLKVSWLQAKVRECKSV-AEKYILMILIEGVFFASSFASIAYLRTHNLFVVTCQSNDLISRDEAIHTNASCCIYNN
1W69_core	P28847	1.901E-13	29.600	1	161	59	218	LKPDERHFISHVLAFFAASDGIVNENLVERFSQEVQVTEARCFYGFQIAMENIHSEMYSLL-IDTYIKDPKEREYLFNAIETMPCVKKKADWALRWIGDKEATYGERVVAFAAVEGIFFSGSFASIFWLKKRGLMPGLTFSNELISRDEGLHCDFACLMFKH	LTPAEREFYRFLFAFLSAADDLVNLNLGDLSALFTQ-KDILHYYIEQESIEVTHSRVYSAIQLMLFGNDAAARARYVASIIGDAAIGRKVAWLQAKVREC-GSVAEKYILMILIEGLFFASSFASIAYLRTHNLFVVTCQSNDLISRDEAIHTRASCCIYNN
1W69_core	Q9PL92	9.687E-09	26.900	1	154	70	233	LKPDERHFISHVLAFFAASDGIVNENLVERFSQEVQVTEARCFYGFQIAMENIHSEMYSLLIDTYIKDPKEREYLFNAIETMPCVKKKADWALRWIGD-------KEATYG------ERVVAFAAVEGIFFSGSFASIFWLKKRGLMPGLTFSNELISRDEGLHCDF	LSEDERRVILLNLGFFSTAESLVGNNIVLAIFKHVTNPEARQYLLRQAFEEAVHTHTFLYICESLGLDEKE---IFNAYNERASIKAKDDFQMEITGKVLDPNFRTDSVEGLQEFIKNLVGYYIIMEGIFFYSGFVMILSFHRQNKMVGIGEQYQYILRDETIHLNF
1W69_core	O84835	9.687E-09	26.900	1	154	70	233	LKPDERHFISHVLAFFAASDGIVNENLVERFSQEVQVTEARCFYGFQIAMENIHSEMYSLLIDTYIKDPKEREYLFNAIETMPCVKKKADWALRWIGD-------KEATYG------ERVVAFAAVEGIFFSGSFASIFWLKKRGLMPGLTFSNELISRDEGLHCDF	LSEDERRVILLNLGFFSTAESLVGNNIVLAIFKHVTNPEARQYLLRQAFEEAVHTHTFLYICESLGLDEKE---IFNAYNERAAIKAKDDFQMEITGKVLDPNFRTDSVEGLQEFVKNLVGYYIIMEGIFFYSGFVMILSFHRQNKMIGIGEQYQYILRDETIHLNF
1W69_core	Q9Z6S4	5.256E-07	25.100	1	154	70	233	LKPDERHFISHVLAFFAASDGIVNENLVERFSQEVQVTEARCFYGFQIAMENIHSEMYSLLIDTYIKDPKEREYLFNAIETMPCVKKKADWALRWIGD-------KEATYG------ERVVAFAAVEGIFFSGSFASIFWLKKRGLMPGLTFSNELISRDEGLHCDF	LSEDERRVILLNLGFFSTAESLVGNNIVLAIFKHITNPEARQYLLRQAFEEAVHTHTFLYICESLGLDEGE---VFNAYNERASIRAKDDFQMTLTVDVLDPNFSVQSSEGLGQFIKNLVGYYIIMEGIFFYSGFVMILSFHRQNKMTGIGEQYQYILRDETIHLNF
